Wall time,Step,Value
1777392472.2433865,42256,0.6786400079727173
1777424730.5118208,50511,0.7875369191169739
1777456987.0377922,58766,0.7557715773582458
1777489231.6454518,67021,0.6618509888648987
1777521476.9229944,75276,0.6020209193229675
1777553745.344078,83531,0.7651317715644836
1777585993.6588066,91786,0.5880843997001648
1777618240.476814,100041,0.5742712020874023
1777650498.7372432,108296,0.6786916255950928
1777682753.5597167,116551,0.47189003229141235
1777715008.8755865,124806,0.7239927053451538
1777747283.1738849,133061,0.6554017663002014
1777779563.877656,141316,0.3790375292301178
1777811838.5973926,149571,0.515076220035553
1777844112.5974538,157826,0.5751776695251465
1777876383.1506927,166081,0.7340818047523499
